Link,Info
https://app.seamless-expo.com/event/seamless-saudi-arabia-2024/person/RXZlbnRQZW9wbGVfMzMzOTIzODY=,Sourabh Sharma Founder Filly Media Solutions - Marketing Agency
https://app.seamless-expo.com/event/seamless-saudi-arabia-2024/person/RXZlbnRQZW9wbGVfMzI5NjYzNjA=,Prathish Sahadevan Founder Partnershyps Trade Consultancy
https://app.seamless-expo.com/event/seamless-saudi-arabia-2024/person/RXZlbnRQZW9wbGVfMzI4MzAzMDc=,Rayan Alfaheid CO-Founder & CEO Datalexing
https://app.seamless-expo.com/event/seamless-saudi-arabia-2024/person/RXZlbnRQZW9wbGVfMzI1MzI2Njg=,Mohammad Al-Razaz Chief Executive Officer And Co-Founder OTO
https://app.seamless-expo.com/event/seamless-saudi-arabia-2024/person/RXZlbnRQZW9wbGVfMzQyNzczNDU=,Waleed Sadek CEO & Founder Paysky
https://app.seamless-expo.com/event/seamless-saudi-arabia-2024/person/RXZlbnRQZW9wbGVfMzM2MTU1MzU=,Rushabh Parekh Co founder Adarsh Medical Stores
https://app.seamless-expo.com/event/seamless-saudi-arabia-2024/person/RXZlbnRQZW9wbGVfMzI5MzA0NTQ=,Danny Abla Founder/CEO Bankiom
https://app.seamless-expo.com/event/seamless-saudi-arabia-2024/person/RXZlbnRQZW9wbGVfMzI4MjEzNDQ=,Moahmed Guidoum Founder & CEO Logaritm
https://app.seamless-expo.com/event/seamless-saudi-arabia-2024/person/RXZlbnRQZW9wbGVfMzI1MzUyMTc=,Yasser ALanazi FOUNDER Nour Financial
https://app.seamless-expo.com/event/seamless-saudi-arabia-2024/person/RXZlbnRQZW9wbGVfMzI1MzQ2NTg=,Nehul Goradia Cofounder Enabler One
https://app.seamless-expo.com/event/seamless-saudi-arabia-2024/person/RXZlbnRQZW9wbGVfMzQzODk5NDE=,ASHFAQ AHMED Founder & CEO Islamic Dinar
https://app.seamless-expo.com/event/seamless-saudi-arabia-2024/person/RXZlbnRQZW9wbGVfMzQzODM0MzI=,Samar Abdelhameed Co-founder & Vice president Eshfaa
https://app.seamless-expo.com/event/seamless-saudi-arabia-2024/person/RXZlbnRQZW9wbGVfMzQzNzQ5OTk=,tariq Al.almahdi founder/CEO Value Studio
https://app.seamless-expo.com/event/seamless-saudi-arabia-2024/person/RXZlbnRQZW9wbGVfMzQzNzM3NDM=,Alaa Emam Co-founder Value Studio
https://app.seamless-expo.com/event/seamless-saudi-arabia-2024/person/RXZlbnRQZW9wbGVfMzQzNjc5Mjk=,Mohammad Elsheikh Founder & CEO Eshfaa
https://app.seamless-expo.com/event/seamless-saudi-arabia-2024/person/RXZlbnRQZW9wbGVfMzQzNjc1ODk=,Cagri Orcan CSO & Co-founder Akinon
https://app.seamless-expo.com/event/seamless-saudi-arabia-2024/person/RXZlbnRQZW9wbGVfMzQzNjAwMzg=,Abdulrahman Alnuaim Founder Easy Drop
https://app.seamless-expo.com/event/seamless-saudi-arabia-2024/person/RXZlbnRQZW9wbGVfMzQzNTY2NjM=,Adnan Bagais Founder & CEO WAKI
https://app.seamless-expo.com/event/seamless-saudi-arabia-2024/person/RXZlbnRQZW9wbGVfMzQzNTAyMTM=,Saud Al rebdi Founder Techmal Financing Company
https://app.seamless-expo.com/event/seamless-saudi-arabia-2024/person/RXZlbnRQZW9wbGVfMzQzNDU2MjI=,Mohammed Yousef Founder and CEO Excenology
https://app.seamless-expo.com/event/seamless-saudi-arabia-2024/person/RXZlbnRQZW9wbGVfMzQzNDAzMjU=,Alharith Al Sheikh Founder & CEO Stark Brokers
https://app.seamless-expo.com/event/seamless-saudi-arabia-2024/person/RXZlbnRQZW9wbGVfMzQzNDA4NDU=,Abdulrahman Bin Nujayfan Co-founder & COO Mthmr
https://app.seamless-expo.com/event/seamless-saudi-arabia-2024/person/RXZlbnRQZW9wbGVfMzQzMzcyNjI=,Majed Alahmadi CEO & Co-Founder Medle
https://app.seamless-expo.com/event/seamless-saudi-arabia-2024/person/RXZlbnRQZW9wbGVfMzQzMzQxMTM=,Madhusudanan R Co-Founder and CEO M2P Fintech
https://app.seamless-expo.com/event/seamless-saudi-arabia-2024/person/RXZlbnRQZW9wbGVfMzQzMjM3NjQ=,J V Founder & MD FinSecureLabs Private Limited
https://app.seamless-expo.com/event/seamless-saudi-arabia-2024/person/RXZlbnRQZW9wbGVfMzQzMjA4ODM=,Shaqran AlYahya Co-Founder & CEO Fintech
https://app.seamless-expo.com/event/seamless-saudi-arabia-2024/person/RXZlbnRQZW9wbGVfMzQzMDc1Mjk=,Mohammed Navaf Founder Mirfaq Digital
https://app.seamless-expo.com/event/seamless-saudi-arabia-2024/person/RXZlbnRQZW9wbGVfMzQyODgxOTU=,Muhammed Saleem Founder and CEO Analystor Technologies Pvt Ltd
https://app.seamless-expo.com/event/seamless-saudi-arabia-2024/person/RXZlbnRQZW9wbGVfMzQyODgwNTY=,Ahmed Abbas Co-Founder & CEO Lamha | لمحة
https://app.seamless-expo.com/event/seamless-saudi-arabia-2024/person/RXZlbnRQZW9wbGVfMzQyODM4Mjg=,Qaisar Habib Founder | CEO Zaawia Enterprises LTD
https://app.seamless-expo.com/event/seamless-saudi-arabia-2024/person/RXZlbnRQZW9wbGVfMzQyODA4MTY=,Shaikha Alseddiqi Co-Founder Action Labs
https://app.seamless-expo.com/event/seamless-saudi-arabia-2024/person/RXZlbnRQZW9wbGVfMzQyNzkyMjU=,"Ali Mojiz Co-Founder and Chief Analytics, Data Science and Technology Officer Data Pilot USA Inc"
https://app.seamless-expo.com/event/seamless-saudi-arabia-2024/person/RXZlbnRQZW9wbGVfMzQyNzkwODM=,Yousef Shamoun CEO & Co-Founder ZenHR
https://app.seamless-expo.com/event/seamless-saudi-arabia-2024/person/RXZlbnRQZW9wbGVfMzQyNzYwMTA=,Elaf AlKattan CEO/Co-Founder Sandlist
https://app.seamless-expo.com/event/seamless-saudi-arabia-2024/person/RXZlbnRQZW9wbGVfMzQyNzI2OTg=,Meet Dalal Cofounder Blazon FZ LLC
https://app.seamless-expo.com/event/seamless-saudi-arabia-2024/person/RXZlbnRQZW9wbGVfMzQyNjYyOTQ=,Azizjon Azimi Founder zypl.ai
https://app.seamless-expo.com/event/seamless-saudi-arabia-2024/person/RXZlbnRQZW9wbGVfMzQyNjY2NTg=,Bushr Ahmad Founder THAMEN
https://app.seamless-expo.com/event/seamless-saudi-arabia-2024/person/RXZlbnRQZW9wbGVfMzQyNDY2Njg=,Abdul Aziz Founder Digitalized
https://app.seamless-expo.com/event/seamless-saudi-arabia-2024/person/RXZlbnRQZW9wbGVfMzQyNDY0MTY=,Fiene Klemmer Founder Aurizion
https://app.seamless-expo.com/event/seamless-saudi-arabia-2024/person/RXZlbnRQZW9wbGVfMzQyNDQxOTQ=,Abdullah Aladwani Founder Weyanna
https://app.seamless-expo.com/event/seamless-saudi-arabia-2024/person/RXZlbnRQZW9wbGVfMzQyMTMyMzY=,Noman Ali Founder & CEO Inv-X Technologies Limited
https://app.seamless-expo.com/event/seamless-saudi-arabia-2024/person/RXZlbnRQZW9wbGVfMzQyMTI2ODU=,Sheikh Saidy Co-Founder Innovation source establishment for information technology and communications.
https://app.seamless-expo.com/event/seamless-saudi-arabia-2024/person/RXZlbnRQZW9wbGVfMzQyMTI0ODU=,Ali Al Khaifi Co-founder and COO GAIM Technologies
https://app.seamless-expo.com/event/seamless-saudi-arabia-2024/person/RXZlbnRQZW9wbGVfMzQyMTE4OTU=,Sherif Aziz co-founder Subsbase
https://app.seamless-expo.com/event/seamless-saudi-arabia-2024/person/RXZlbnRQZW9wbGVfMzQxODgwNDg=,Faisal Al Kuraibi Cofounder and CEO Enabill
https://app.seamless-expo.com/event/seamless-saudi-arabia-2024/person/RXZlbnRQZW9wbGVfMzQxODczMzc=,Mostafa Alsiqilli Co-founder / Creative director Raining Cats Studio
https://app.seamless-expo.com/event/seamless-saudi-arabia-2024/person/RXZlbnRQZW9wbGVfMzQxNTE5OTU=,David Saad Co-founder Deben TMS
https://app.seamless-expo.com/event/seamless-saudi-arabia-2024/person/RXZlbnRQZW9wbGVfMzQxNTAzNTc=,Raj Vekariya Co-founder saasglobalhub
https://app.seamless-expo.com/event/seamless-saudi-arabia-2024/person/RXZlbnRQZW9wbGVfMzQxNTA5Mzk=,Abed Alzain CoFounder SellEnvo
https://app.seamless-expo.com/event/seamless-saudi-arabia-2024/person/RXZlbnRQZW9wbGVfMzQxMzEwMjQ=,Abdelrahman Galal Founder and CEO Awfar.com
https://app.seamless-expo.com/event/seamless-saudi-arabia-2024/person/RXZlbnRQZW9wbGVfMzQxMTU5MjQ=,Assaf Alakeel Founder SHIFT
https://app.seamless-expo.com/event/seamless-saudi-arabia-2024/person/RXZlbnRQZW9wbGVfMzQxMDY1OTM=,Sundar Natesan Co - Founder Zocket.ai
https://app.seamless-expo.com/event/seamless-saudi-arabia-2024/person/RXZlbnRQZW9wbGVfMzQwMDUyMTM=,Osama Andijani Founder Startup
https://app.seamless-expo.com/event/seamless-saudi-arabia-2024/person/RXZlbnRQZW9wbGVfMzQwMDQ5NDI=,Moath Alaraj Founder &CEO Tipcode
https://app.seamless-expo.com/event/seamless-saudi-arabia-2024/person/RXZlbnRQZW9wbGVfMzQwMDM1MzE=,Amin Basalama Co-founder & CEO GuestNaApp
https://app.seamless-expo.com/event/seamless-saudi-arabia-2024/person/RXZlbnRQZW9wbGVfMzQwMDI3ODQ=,Ahmed Sobeih Founder & CEO Jeel Gate
https://app.seamless-expo.com/event/seamless-saudi-arabia-2024/person/RXZlbnRQZW9wbGVfMzQwMDE4MzA=,Mohamed Al Hallab Co founder - Marketing manager Glanza
https://app.seamless-expo.com/event/seamless-saudi-arabia-2024/person/RXZlbnRQZW9wbGVfMzQ1MTgwNTc=,Hamza Abusitta CEO & Co-founder Reachware
https://app.seamless-expo.com/event/seamless-saudi-arabia-2024/person/RXZlbnRQZW9wbGVfMzQ1MTgwNTM=,Haiyan Alsaiyed Founder and CEO Tokenizerly
https://app.seamless-expo.com/event/seamless-saudi-arabia-2024/person/RXZlbnRQZW9wbGVfMzQ1MTMyNDE=,Vaibhav Dabhade CEO & Founder Anchanto
https://app.seamless-expo.com/event/seamless-saudi-arabia-2024/person/RXZlbnRQZW9wbGVfMzQ1MTM1Njc=,Manuel De Vits Founder BizDev10X
https://app.seamless-expo.com/event/seamless-saudi-arabia-2024/person/RXZlbnRQZW9wbGVfMzQ1MTE1MDM=,Mohammed Alzahrani Founder & CEO CARVIND
https://app.seamless-expo.com/event/seamless-saudi-arabia-2024/person/RXZlbnRQZW9wbGVfMzQ1MTA0MzE=,Motasem Abukhousa Founder & CEO Misk Tax Consultant
https://app.seamless-expo.com/event/seamless-saudi-arabia-2024/person/RXZlbnRQZW9wbGVfMzQ1MDQwOTQ=,Nada Elbarkouky Co-Founder InfoTraff
https://app.seamless-expo.com/event/seamless-saudi-arabia-2024/person/RXZlbnRQZW9wbGVfMzQ1MDIyNDg=,abdulaziz aldakkan Co-Founder & CEO Truffle.
https://app.seamless-expo.com/event/seamless-saudi-arabia-2024/person/RXZlbnRQZW9wbGVfMzQ1MDAyOTU=,Nuha Hashem Cofounder Zywa (YC W22)
https://app.seamless-expo.com/event/seamless-saudi-arabia-2024/person/RXZlbnRQZW9wbGVfMzQ1MDAxNzY=,Abdulrahman Qumsani Co-founder & CEO Mthmr
https://app.seamless-expo.com/event/seamless-saudi-arabia-2024/person/RXZlbnRQZW9wbGVfMzQ0OTk5MjA=,Nahar Alotaibi Co Founder AmanPay
https://app.seamless-expo.com/event/seamless-saudi-arabia-2024/person/RXZlbnRQZW9wbGVfMzQ0OTgyODk=,Youmna Yasser Cofounder & Head of Solution Consultancy/Channel Partnership Manager aloo.ai
https://app.seamless-expo.com/event/seamless-saudi-arabia-2024/person/RXZlbnRQZW9wbGVfMzQ0OTc1NjU=,Mazen AlDarrab Founder & CBO ZID
https://app.seamless-expo.com/event/seamless-saudi-arabia-2024/person/RXZlbnRQZW9wbGVfMzQ0OTQ1NjA=,Ali Alharbi Founder BME Growth
https://app.seamless-expo.com/event/seamless-saudi-arabia-2024/person/RXZlbnRQZW9wbGVfMzQ0ODkwNDE=,Ebin Ephrem Founder Mercon Strategic Consulting
https://app.seamless-expo.com/event/seamless-saudi-arabia-2024/person/RXZlbnRQZW9wbGVfMzQ0ODk4NDQ=,Mohammed Amasha Co founder & CFO Mila Celebrations
https://app.seamless-expo.com/event/seamless-saudi-arabia-2024/person/RXZlbnRQZW9wbGVfMzQ0ODgzMzc=,Ibrahim Raslan Founder Legalzt
https://app.seamless-expo.com/event/seamless-saudi-arabia-2024/person/RXZlbnRQZW9wbGVfMzQ0ODg5NTE=,Mohammed Alfraihi Co-founder and CTO Rize
https://app.seamless-expo.com/event/seamless-saudi-arabia-2024/person/RXZlbnRQZW9wbGVfMzQ0NzQ2MTg=,Ibrahim Alshaikh Co-Founder & CEO Dunes Aero
https://app.seamless-expo.com/event/seamless-saudi-arabia-2024/person/RXZlbnRQZW9wbGVfMzQ0NzAwNzA=,Salman Halawi Founder & CEO Metadesignerz - Imperium Consulting
https://app.seamless-expo.com/event/seamless-saudi-arabia-2024/person/RXZlbnRQZW9wbGVfMzQ0Njk1MDE=,Madiha Shamim Founder and COO HR Ways
https://app.seamless-expo.com/event/seamless-saudi-arabia-2024/person/RXZlbnRQZW9wbGVfMzQ0NjMzMDQ=,Meshari Basaffar Co-founder & CEO Commercial Interconnected Systems
https://app.seamless-expo.com/event/seamless-saudi-arabia-2024/person/RXZlbnRQZW9wbGVfMzQ0NTY2NDM=,Nabil Borhanu Founder & Manager Partner Graphene Ventures
https://app.seamless-expo.com/event/seamless-saudi-arabia-2024/person/RXZlbnRQZW9wbGVfMzQ0NDQ5ODM=,Faizy Ahmed CEO & Co-founder Astra Nova
https://app.seamless-expo.com/event/seamless-saudi-arabia-2024/person/RXZlbnRQZW9wbGVfMzQ0MjM2Njc=,MDNIZAM UDDIN Co-founder & CEO Dokan Inc
https://app.seamless-expo.com/event/seamless-saudi-arabia-2024/person/RXZlbnRQZW9wbGVfMzQ0MTAyMTY=,Marouane Boudad Founder and CEO CodEuro group
https://app.seamless-expo.com/event/seamless-saudi-arabia-2024/person/RXZlbnRQZW9wbGVfMzQ0MDkxNjk=,Leenah Hassan CEO/Co-Founder Globanq
https://app.seamless-expo.com/event/seamless-saudi-arabia-2024/person/RXZlbnRQZW9wbGVfMzQ0MDcxNTY=,"Paula Falco Founder, CEO Falco Ux"
https://app.seamless-expo.com/event/seamless-saudi-arabia-2024/person/RXZlbnRQZW9wbGVfMzQ0MDEwMTk=,Jack Mangnall Co-Founder Shape Technologies
https://app.seamless-expo.com/event/seamless-saudi-arabia-2024/person/RXZlbnRQZW9wbGVfMzMzOTkwNTk=,Yasin Hassanien Cofounder & CEO Voktech
https://app.seamless-expo.com/event/seamless-saudi-arabia-2024/person/RXZlbnRQZW9wbGVfMzMzOTYzMTc=,Amer Alharbi Director / Co Founder SAMI & Hejen
https://app.seamless-expo.com/event/seamless-saudi-arabia-2024/person/RXZlbnRQZW9wbGVfMzMzOTU2MTc=,Shorouq Mufti Founder Sunrise Marketing
https://app.seamless-expo.com/event/seamless-saudi-arabia-2024/person/RXZlbnRQZW9wbGVfMzMzNDk1MDY=,Fawaz AlZaid Co-Founder & CBO Shinzō
https://app.seamless-expo.com/event/seamless-saudi-arabia-2024/person/RXZlbnRQZW9wbGVfMzMzMzYxNDE=,Anwar Almurshed Founder and CEO Digital Technology City
https://app.seamless-expo.com/event/seamless-saudi-arabia-2024/person/RXZlbnRQZW9wbGVfMzMzMDQxNDQ=,James Deng Garang Co-founder SaTurNi@
https://app.seamless-expo.com/event/seamless-saudi-arabia-2024/person/RXZlbnRQZW9wbGVfMzMyNTMxOTI=,Hamza Jalal Founder & CEO Shop and Retail Online - SARO
https://app.seamless-expo.com/event/seamless-saudi-arabia-2024/person/RXZlbnRQZW9wbGVfMzMyMDk5OTQ=,Abdulrehman Ahmed Founder Shobly
https://app.seamless-expo.com/event/seamless-saudi-arabia-2024/person/RXZlbnRQZW9wbGVfMzMyMDg0MjU=,Faisal Alkhaldy Founder Linkers IO
https://app.seamless-expo.com/event/seamless-saudi-arabia-2024/person/RXZlbnRQZW9wbGVfMzMxOTE4MzI=,Nikola Gorjanac Co-founder and CTO Bee IT
https://app.seamless-expo.com/event/seamless-saudi-arabia-2024/person/RXZlbnRQZW9wbGVfMzMxOTE4MzA=,Zoran Tovarloza Co-founder and CEO Bee IT
https://app.seamless-expo.com/event/seamless-saudi-arabia-2024/person/RXZlbnRQZW9wbGVfMzMxODU5ODg=,Mohamed Ahmed Founder & CTO OfinTech
https://app.seamless-expo.com/event/seamless-saudi-arabia-2024/person/RXZlbnRQZW9wbGVfMzMxNzMxMjc=,Gopi Balakrishnan Co-Founder HookZ.ai
https://app.seamless-expo.com/event/seamless-saudi-arabia-2024/person/RXZlbnRQZW9wbGVfMzMxNjkyNTI=,Abdullah Khan Founder & CEO BotCampusAI Learning Solutions Pvt Ltd
https://app.seamless-expo.com/event/seamless-saudi-arabia-2024/person/RXZlbnRQZW9wbGVfMzMxNTIwMDE=,Munawwar Yahya Founder & CEO GrowtHire
https://app.seamless-expo.com/event/seamless-saudi-arabia-2024/person/RXZlbnRQZW9wbGVfMzMxNDY2ODQ=,Ahmad Al Mughrabi Founder and CEO Tech3arabi.com
https://app.seamless-expo.com/event/seamless-saudi-arabia-2024/person/RXZlbnRQZW9wbGVfMzMwOTQ5NDA=,Jinesh Gosar Founder & CEO SimpliFI Consulting FZ LLC
https://app.seamless-expo.com/event/seamless-saudi-arabia-2024/person/RXZlbnRQZW9wbGVfMzMwMjgzNzM=,Mishaal Aljeraisy Co-Founder NUZUL LTD COMPANY
https://app.seamless-expo.com/event/seamless-saudi-arabia-2024/person/RXZlbnRQZW9wbGVfMzMwMjc5NTk=,Mohammed Al-Jefairi Founder Bawaba
https://app.seamless-expo.com/event/seamless-saudi-arabia-2024/person/RXZlbnRQZW9wbGVfMzM5OTY4MTc=,"Mohamed Abdelmaguied Founder, MD GroMart"
https://app.seamless-expo.com/event/seamless-saudi-arabia-2024/person/RXZlbnRQZW9wbGVfMzM5OTUzOTc=,Arsen Safaryan Co-founder sandlist ;
https://app.seamless-expo.com/event/seamless-saudi-arabia-2024/person/RXZlbnRQZW9wbGVfMzM5ODgyMTY=,Perla Bou Francis Founder Momento Creative Agency
https://app.seamless-expo.com/event/seamless-saudi-arabia-2024/person/RXZlbnRQZW9wbGVfMzM5ODAwNTk=,Lara Al Arab Founder Entredemia
https://app.seamless-expo.com/event/seamless-saudi-arabia-2024/person/RXZlbnRQZW9wbGVfMzM5NjQ5MDM=,Syed Ahsan Founder & CEO Maspearls Inc
https://app.seamless-expo.com/event/seamless-saudi-arabia-2024/person/RXZlbnRQZW9wbGVfMzM5MjY1NDM=,Nikolaos Ntigrintakis Founder FE SWISS FINANCIAL AG
https://app.seamless-expo.com/event/seamless-saudi-arabia-2024/person/RXZlbnRQZW9wbGVfMzM5MDA5NjQ=,Abdulrahman Hussain Founder Emily
https://app.seamless-expo.com/event/seamless-saudi-arabia-2024/person/RXZlbnRQZW9wbGVfMzM4OTI5NDc=,Asif Khan Founder Grapes
https://app.seamless-expo.com/event/seamless-saudi-arabia-2024/person/RXZlbnRQZW9wbGVfMzM3OTU0NzA=,Fawzi Tulefat Founder Almaher Business Idealizations
https://app.seamless-expo.com/event/seamless-saudi-arabia-2024/person/RXZlbnRQZW9wbGVfMzM3OTAyNTg=,Maneesh Mishra Founder DataLeap
https://app.seamless-expo.com/event/seamless-saudi-arabia-2024/person/RXZlbnRQZW9wbGVfMzM3NjM4Mzg=,Oday Alattal Co-Founder & CTO Mawsool International
https://app.seamless-expo.com/event/seamless-saudi-arabia-2024/person/RXZlbnRQZW9wbGVfMzM3NTA4ODY=,Firras Sabbah Founder | Partner thoughthaus Consulting
https://app.seamless-expo.com/event/seamless-saudi-arabia-2024/person/RXZlbnRQZW9wbGVfMzM3NDEwNjc=,Kenneth Ofkeli Founder and COO Sowtek
https://app.seamless-expo.com/event/seamless-saudi-arabia-2024/person/RXZlbnRQZW9wbGVfMzM3MjczNzU=,Reem Turky Tawaasuly Founder Innovation source establishment for information technology and communications.
https://app.seamless-expo.com/event/seamless-saudi-arabia-2024/person/RXZlbnRQZW9wbGVfMzM3MjE3NzI=,Nour Shawky CEO & CO-Founder Softec Technologies
https://app.seamless-expo.com/event/seamless-saudi-arabia-2024/person/RXZlbnRQZW9wbGVfMzM3MDg2NDA=,Priya M Nair Founder Zwag Ai
https://app.seamless-expo.com/event/seamless-saudi-arabia-2024/person/RXZlbnRQZW9wbGVfMzM3MDc4ODk=,Hani Abu Damis COO - Cofounder Venderlane
https://app.seamless-expo.com/event/seamless-saudi-arabia-2024/person/RXZlbnRQZW9wbGVfMzM3MDc4ODc=,Shafqut Hamid Co Founder Etaps
https://app.seamless-expo.com/event/seamless-saudi-arabia-2024/person/RXZlbnRQZW9wbGVfMzM2ODY0MDI=,Mohammad Rababah Co Founder and Product Manager DESAISIV
https://app.seamless-expo.com/event/seamless-saudi-arabia-2024/person/RXZlbnRQZW9wbGVfMzM2Njg1NDc=,Ahmed Al-Bassyouni CEO/Founder Cloudilic
https://app.seamless-expo.com/event/seamless-saudi-arabia-2024/person/RXZlbnRQZW9wbGVfMzM2NjYyMjA=,Mohammed Abbas Founder CarZoneKsa
https://app.seamless-expo.com/event/seamless-saudi-arabia-2024/person/RXZlbnRQZW9wbGVfMzM2NjUzNzc=,Nimit Solanki Founder Vikalp.io
https://app.seamless-expo.com/event/seamless-saudi-arabia-2024/person/RXZlbnRQZW9wbGVfMzM2NTQ3MTg=,Nabeel Radhi Co-Founder & COO FACEKI
https://app.seamless-expo.com/event/seamless-saudi-arabia-2024/person/RXZlbnRQZW9wbGVfMzM2NDYwODk=,Saad Zaitooni Founder & SEO Qubit
https://app.seamless-expo.com/event/seamless-saudi-arabia-2024/person/RXZlbnRQZW9wbGVfMzM2NDE2MDY=,Somaya Elshafei Founder & CEO TravMed
https://app.seamless-expo.com/event/seamless-saudi-arabia-2024/person/RXZlbnRQZW9wbGVfMzM2MzU0MzQ=,Eda Ozceyhan CEO & Founder Adeo Global
https://app.seamless-expo.com/event/seamless-saudi-arabia-2024/person/RXZlbnRQZW9wbGVfMzM2MzA5MTY=,Abid Saleem Founder & CEO ABS Technologies
https://app.seamless-expo.com/event/seamless-saudi-arabia-2024/person/RXZlbnRQZW9wbGVfMzM2MjI2NTg=,Vishal Agarwal CEO & Co-founder Locobuzz
https://app.seamless-expo.com/event/seamless-saudi-arabia-2024/person/RXZlbnRQZW9wbGVfMzM2MjE4OTU=,Jameel Yousaf Co-founder Clariscan.ai
https://app.seamless-expo.com/event/seamless-saudi-arabia-2024/person/RXZlbnRQZW9wbGVfMzM2MTk5Mzk=,Fatima Batool CEO/Founder EZ Wage
https://app.seamless-expo.com/event/seamless-saudi-arabia-2024/person/RXZlbnRQZW9wbGVfMzM2MTk0OTU=,Mohamed S.Hassan Founder & Entrepreneurship MONDIAL Group Imp-Exp Trading Agencies
https://app.seamless-expo.com/event/seamless-saudi-arabia-2024/person/RXZlbnRQZW9wbGVfMzM2MTg2NjQ=,Soheb M CEO & Co-Founder Nesy Solution
https://app.seamless-expo.com/event/seamless-saudi-arabia-2024/person/RXZlbnRQZW9wbGVfMzM2MTcxMjQ=,Saleh Almuzaini Co-Founder Startup
https://app.seamless-expo.com/event/seamless-saudi-arabia-2024/person/RXZlbnRQZW9wbGVfMzM2MTYxMjE=,Will Abdo CEO & Founder Webtrade Marketing Pty Ltd
https://app.seamless-expo.com/event/seamless-saudi-arabia-2024/person/RXZlbnRQZW9wbGVfMzM2MTY4OTI=,Hamad Syed Founder/Creative Director Digital Hubs
https://app.seamless-expo.com/event/seamless-saudi-arabia-2024/person/RXZlbnRQZW9wbGVfMzM2MTY2MzA=,Mohamed Anouar Gadhoum CEO - Cofounder PayDay Takaful
https://app.seamless-expo.com/event/seamless-saudi-arabia-2024/person/RXZlbnRQZW9wbGVfMzM2MTUxOTU=,Omar Atta CBO - Founder Cloudilic
https://app.seamless-expo.com/event/seamless-saudi-arabia-2024/person/RXZlbnRQZW9wbGVfMzM2MTQzMjM=,ABHISHEK TUPPADA Co-Founder & CEO FinFusion Solutions Inc
https://app.seamless-expo.com/event/seamless-saudi-arabia-2024/person/RXZlbnRQZW9wbGVfMzM2MTQ2MTM=,Abdulaziz Bin Hamdan Founder Parallel Employment Solutions
https://app.seamless-expo.com/event/seamless-saudi-arabia-2024/person/RXZlbnRQZW9wbGVfMzM2MDYwNjA=,Wesley Shu Founder & CEO Formosa `p`lus
https://app.seamless-expo.com/event/seamless-saudi-arabia-2024/person/RXZlbnRQZW9wbGVfMzM2MDQxODg=,Ashraf Mraybeh Founder SuccessFully
https://app.seamless-expo.com/event/seamless-saudi-arabia-2024/person/RXZlbnRQZW9wbGVfMzM1NzYyMTA=,Sohayb Baset Co founder HOMEi
https://app.seamless-expo.com/event/seamless-saudi-arabia-2024/person/RXZlbnRQZW9wbGVfMzM1NTYyOTA=,Jiss Jose Founder - Director Concerto Software and Systems
https://app.seamless-expo.com/event/seamless-saudi-arabia-2024/person/RXZlbnRQZW9wbGVfMzM1NTM0MzA=,Nazir Salem Co-Founder MadFox Limited FZ LLE
https://app.seamless-expo.com/event/seamless-saudi-arabia-2024/person/RXZlbnRQZW9wbGVfMzM1NTE0MjQ=,Harold Dickenson Jr Founder Kanousei Technology LLC
https://app.seamless-expo.com/event/seamless-saudi-arabia-2024/person/RXZlbnRQZW9wbGVfMzM1NDg4OTA=,Igor Bershadsky Founder Phron AI
https://app.seamless-expo.com/event/seamless-saudi-arabia-2024/person/RXZlbnRQZW9wbGVfMzM1NDcwNTk=,Praveen Chandiramani Founder & Chairman WorkerAppz Payments
https://app.seamless-expo.com/event/seamless-saudi-arabia-2024/person/RXZlbnRQZW9wbGVfMzM1MzM0OTk=,Ralph Saab Co-Founder SAAB RDS Inc.
https://app.seamless-expo.com/event/seamless-saudi-arabia-2024/person/RXZlbnRQZW9wbGVfMzM1MTQwMDI=,Anindya Mukherjee Co-founder & Director of Operations CapitalNumbers Infotech Limited
https://app.seamless-expo.com/event/seamless-saudi-arabia-2024/person/RXZlbnRQZW9wbGVfMzM1MTA4NTI=,Junaid Butt Co-Founder & COO Tiksom Limited
https://app.seamless-expo.com/event/seamless-saudi-arabia-2024/person/RXZlbnRQZW9wbGVfMzM1MTA3MDM=,Ahmed Mukhtar Founder Nahr Development
https://app.seamless-expo.com/event/seamless-saudi-arabia-2024/person/RXZlbnRQZW9wbGVfMzM0OTE2NjU=,Ahmed Elhefny Co-Founder & CEO Amzolute
https://app.seamless-expo.com/event/seamless-saudi-arabia-2024/person/RXZlbnRQZW9wbGVfMzM0ODM4MDE=,Meshal bin Sunytan Almutairi founder Carbon Footprint
https://app.seamless-expo.com/event/seamless-saudi-arabia-2024/person/RXZlbnRQZW9wbGVfMzM0NjU2Nzg=,Sabreen Morsey CEO and Founder Farinas Marketing Services
https://app.seamless-expo.com/event/seamless-saudi-arabia-2024/person/RXZlbnRQZW9wbGVfMzM0NjAzMDg=,Hamzeh AlBitar Co-founder Feker - Employer Branding
https://app.seamless-expo.com/event/seamless-saudi-arabia-2024/person/RXZlbnRQZW9wbGVfMzM0NjAxMDY=,Naima Driouich Founder & CEO Social Convert
https://app.seamless-expo.com/event/seamless-saudi-arabia-2024/person/RXZlbnRQZW9wbGVfMzM0NTk5MTE=,Alpesh Patel Founder BIZI LABS
https://app.seamless-expo.com/event/seamless-saudi-arabia-2024/person/RXZlbnRQZW9wbGVfMzM0NTk2NjY=,Zain Farooq Founder and CEO MyTM
https://app.seamless-expo.com/event/seamless-saudi-arabia-2024/person/RXZlbnRQZW9wbGVfMzM0NTg4OTg=,Naseem Saadeddine Co-Founder Arabia Intelligence
https://app.seamless-expo.com/event/seamless-saudi-arabia-2024/person/RXZlbnRQZW9wbGVfMzM0NTg2MTE=,Mohy Aboualam Co-Founder & CEO Darwinz AI
https://app.seamless-expo.com/event/seamless-saudi-arabia-2024/person/RXZlbnRQZW9wbGVfMzM0NTg2MTA=,Melodi Askelöf CEO & Co-founder Satocci
https://app.seamless-expo.com/event/seamless-saudi-arabia-2024/person/RXZlbnRQZW9wbGVfMzM0NTU5NDM=,Ahmad Mustafa Founder Istarih
https://app.seamless-expo.com/event/seamless-saudi-arabia-2024/person/RXZlbnRQZW9wbGVfMzI5Njk4Njk=,Santosh Shetty Founder Unitrestech Solutions Pvt Ltd
https://app.seamless-expo.com/event/seamless-saudi-arabia-2024/person/RXZlbnRQZW9wbGVfMzI5NTQ4NTM=,Andry Ivannikov founder Altline
https://app.seamless-expo.com/event/seamless-saudi-arabia-2024/person/RXZlbnRQZW9wbGVfMzI5MzcyMjQ=,Yaseen Bawazeer Founder and CEO TRASUL Consultancy Bureau
https://app.seamless-expo.com/event/seamless-saudi-arabia-2024/person/RXZlbnRQZW9wbGVfMzI5MzUwODc=,Dhafer Alqahtani Founder & CEO Aflaj
https://app.seamless-expo.com/event/seamless-saudi-arabia-2024/person/RXZlbnRQZW9wbGVfMzI5MzE3NjI=,Osama El Shafei Founder & CEO BELBAQY
https://app.seamless-expo.com/event/seamless-saudi-arabia-2024/person/RXZlbnRQZW9wbGVfMzI5MTI2MzU=,Hafiz Elsayed Co-Founder Blue Horse Company
https://app.seamless-expo.com/event/seamless-saudi-arabia-2024/person/RXZlbnRQZW9wbGVfMzI5MTI0NTg=,Tasneem Wahdan Senior PHP Developer- Co founder at Medeventus Medeventus
https://app.seamless-expo.com/event/seamless-saudi-arabia-2024/person/RXZlbnRQZW9wbGVfMzI5MDcxMTE=,Tarek Nounou Co-Founder & CEO Houdiny
https://app.seamless-expo.com/event/seamless-saudi-arabia-2024/person/RXZlbnRQZW9wbGVfMzI5MDQ5MDY=,Karim Elganayni Founder & CMO Khepresh
https://app.seamless-expo.com/event/seamless-saudi-arabia-2024/person/RXZlbnRQZW9wbGVfMzI4NTg0NDA=,Muhammad Shaikh Founder & CEO mdshaikh.online
https://app.seamless-expo.com/event/seamless-saudi-arabia-2024/person/RXZlbnRQZW9wbGVfMzI4MzI1NDI=,Amitabh Saxena Founder and CEO Anexas
https://app.seamless-expo.com/event/seamless-saudi-arabia-2024/person/RXZlbnRQZW9wbGVfMzI3Mzk2Njc=,Murtuza Rampurwala CoFounder Seaflux Technologies
https://app.seamless-expo.com/event/seamless-saudi-arabia-2024/person/RXZlbnRQZW9wbGVfMzI3MTM0OTg=,Hosam Talbi Co-founder & CTO Shinzo
https://app.seamless-expo.com/event/seamless-saudi-arabia-2024/person/RXZlbnRQZW9wbGVfMzI2NzE4MjA=,Waleed Alharbi Founder & CEO Sky Innovation
https://app.seamless-expo.com/event/seamless-saudi-arabia-2024/person/RXZlbnRQZW9wbGVfMzI2NDc0NTQ=,Fahad Aldaihani founder JAD
https://app.seamless-expo.com/event/seamless-saudi-arabia-2024/person/RXZlbnRQZW9wbGVfMzI1NjUzNjk=,Ibrahim Alshamrani Co-Founder & CEO COGNNA
https://app.seamless-expo.com/event/seamless-saudi-arabia-2024/person/RXZlbnRQZW9wbGVfMzI1NDA0NjY=,Mostafa Mohammed Co-Founder Nesbah
https://app.seamless-expo.com/event/seamless-saudi-arabia-2024/person/RXZlbnRQZW9wbGVfMzI1MzUyNTc=,Arvind Kothari Founder and CEO WovV Technologies
https://app.seamless-expo.com/event/seamless-saudi-arabia-2024/person/RXZlbnRQZW9wbGVfMzI1MzUyNTY=,Maxim Hamida Founder Loginar Ai
https://app.seamless-expo.com/event/seamless-saudi-arabia-2024/person/RXZlbnRQZW9wbGVfMzI1MzUyNDY=,Grigorios Papamanousakis Founder & CEO Prometheus Technologies Inc.
https://app.seamless-expo.com/event/seamless-saudi-arabia-2024/person/RXZlbnRQZW9wbGVfMzI1MzUwOTY=,Chehadeh Abou Hala Founder & CEO The Scaling Ministry
https://app.seamless-expo.com/event/seamless-saudi-arabia-2024/person/RXZlbnRQZW9wbGVfMzI1MzUwODg=,Ghassan Bendali Co-founder & COO Cash My Stock
https://app.seamless-expo.com/event/seamless-saudi-arabia-2024/person/RXZlbnRQZW9wbGVfMzI1MzU3Nzk=,Abarna Az Co-Founder Voxtur Technology Asia Pacific
https://app.seamless-expo.com/event/seamless-saudi-arabia-2024/person/RXZlbnRQZW9wbGVfMzI1MzU1MDE=,Syed Musheer Ahmed Founder & MD Finstep Asia
https://app.seamless-expo.com/event/seamless-saudi-arabia-2024/person/RXZlbnRQZW9wbGVfMzI1MzU0OTQ=,"Zanele Matyolo Director ,/ Founder Vukubhinqe Mfazi NPC (VKB)"
https://app.seamless-expo.com/event/seamless-saudi-arabia-2024/person/RXZlbnRQZW9wbGVfMzI1MzU0OTA=,Sayed Mohamed Startup Founder EGBank - Egyptian Gulf Bank
https://app.seamless-expo.com/event/seamless-saudi-arabia-2024/person/RXZlbnRQZW9wbGVfMzI1MzQwMjg=,Amin AlShuaibi Founder & Web developer Araqah Business IT
https://app.seamless-expo.com/event/seamless-saudi-arabia-2024/person/RXZlbnRQZW9wbGVfMzI1MzQ3NjQ=,Amr Seoud Founder & CEO FinSol Plus
https://app.seamless-expo.com/event/seamless-saudi-arabia-2024/person/RXZlbnRQZW9wbGVfMzI1MzQ2NzQ=,Vladislav Treves Founder Spectrum350
https://app.seamless-expo.com/event/seamless-saudi-arabia-2024/person/RXZlbnRQZW9wbGVfMzI1MzQ2NjA=,Mohamed Zaghoo Founder & CEO AmwalTech
https://app.seamless-expo.com/event/seamless-saudi-arabia-2024/person/RXZlbnRQZW9wbGVfMzI1MzQ2NDk=,Dr. Adnan Alkhairy Founder & CEO Eddekhar
https://app.seamless-expo.com/event/seamless-saudi-arabia-2024/person/RXZlbnRQZW9wbGVfMzI1MzMzNjQ=,Abdullah Al-Subaie Co-founder Vego Group
https://app.seamless-expo.com/event/seamless-saudi-arabia-2024/person/RXZlbnRQZW9wbGVfMzI1MzMzNTA=,Maher Al-Khaiyat Co-Founder and CEO MHA Advisers
https://app.seamless-expo.com/event/seamless-saudi-arabia-2024/person/RXZlbnRQZW9wbGVfMzI1MzMxMjE=,Hossam Aboassi Founder TOMAR
https://app.seamless-expo.com/event/seamless-saudi-arabia-2024/person/RXZlbnRQZW9wbGVfMzI1MzM5MzA=,Caroline Ayoub Cofounder & COO Khibraty
https://app.seamless-expo.com/event/seamless-saudi-arabia-2024/person/RXZlbnRQZW9wbGVfMzI1MzM5MDg=,Sam Randall CEO & Founder Numuun.io
https://app.seamless-expo.com/event/seamless-saudi-arabia-2024/person/RXZlbnRQZW9wbGVfMzI1MzM2ODE=,Wesam Asiri Founder MaalBit
https://app.seamless-expo.com/event/seamless-saudi-arabia-2024/person/RXZlbnRQZW9wbGVfMzI1MzM2NDg=,Bahaa Ebeidy Co Founder & CEO Egypt Go Green Network
https://app.seamless-expo.com/event/seamless-saudi-arabia-2024/person/RXZlbnRQZW9wbGVfMzI1MzM2MTk=,Gurpreet Singh Founder & CEO 3rd Eye Consulting LLC
https://app.seamless-expo.com/event/seamless-saudi-arabia-2024/person/RXZlbnRQZW9wbGVfMzI1MzM1MjU=,Mohamed Mossilhy Co founder Knowlex
https://app.seamless-expo.com/event/seamless-saudi-arabia-2024/person/RXZlbnRQZW9wbGVfMzI1MzM1MTA=,Hassan Ikram Founder ThriftPlan
https://app.seamless-expo.com/event/seamless-saudi-arabia-2024/person/RXZlbnRQZW9wbGVfMzI1MzM1MDg=,Mohammed Olwan Co-founder Fastech
https://app.seamless-expo.com/event/seamless-saudi-arabia-2024/person/RXZlbnRQZW9wbGVfMzI1MzI4OTA=,Reem Ikram Co-Founder and Chief Executive Officer ThriftPlan
https://app.seamless-expo.com/event/seamless-saudi-arabia-2024/person/RXZlbnRQZW9wbGVfMzI1MzI4NzU=,Ronak Meghani Co-Founder magneto it solutions
https://app.seamless-expo.com/event/seamless-saudi-arabia-2024/person/RXZlbnRQZW9wbGVfMzI1MzI4NjI=,Nasser Alharthi Founder & CEO Pieship
https://app.seamless-expo.com/event/seamless-saudi-arabia-2024/person/RXZlbnRQZW9wbGVfMzI1MzI4NDg=,Mohamad Issa Co-founder & Chief Executive Officer. Cash My Stock
https://app.seamless-expo.com/event/seamless-saudi-arabia-2024/person/RXZlbnRQZW9wbGVfMzI1MzI4MDk=,Ahmed Samman Founder ZEED LIVE
https://app.seamless-expo.com/event/seamless-saudi-arabia-2024/person/RXZlbnRQZW9wbGVfMzI1MzI3OTg=,Layla Abdulkadir Al Refaee Founder & CEO JOOD Technology
https://app.seamless-expo.com/event/seamless-saudi-arabia-2024/person/RXZlbnRQZW9wbGVfMzI1MzI3OTA=,Aisha Alsaggaf Founder AVA (A Virtual Advantage for IT Est.)
https://app.seamless-expo.com/event/seamless-saudi-arabia-2024/person/RXZlbnRQZW9wbGVfMzI1MzI3Nzc=,Bashayer Alshareef CEO & Co-Founder Omana'a Platform
https://app.seamless-expo.com/event/seamless-saudi-arabia-2024/person/RXZlbnRQZW9wbGVfMzI1MzI3NzY=,Ahmed Alsaleh Founder Virtual Twins SA
https://app.seamless-expo.com/event/seamless-saudi-arabia-2024/person/RXZlbnRQZW9wbGVfMzI1MzI3NjI=,Meshari Alghamdi Co-founder Njadwil
https://app.seamless-expo.com/event/seamless-saudi-arabia-2024/person/RXZlbnRQZW9wbGVfMzI1MzI3NDg=,Ali Alnabi Co-founder OneMile
https://app.seamless-expo.com/event/seamless-saudi-arabia-2024/person/RXZlbnRQZW9wbGVfMzI1MzI3MzM=,Ahmed Saber Founder Deqa.Ai
https://app.seamless-expo.com/event/seamless-saudi-arabia-2024/person/RXZlbnRQZW9wbGVfMzI1MzI3MzA=,"Keivin Isufaj Cofounder, CEO Pronto"
https://app.seamless-expo.com/event/seamless-saudi-arabia-2024/person/RXZlbnRQZW9wbGVfMzI1MzI3Mjk=,Majed Ali Abudiyyah Founder digitalmovesa
https://app.seamless-expo.com/event/seamless-saudi-arabia-2024/person/RXZlbnRQZW9wbGVfMzI1MzI3Mjg=,Amine Berraoui Co-Founder Behja
https://app.seamless-expo.com/event/seamless-saudi-arabia-2024/person/RXZlbnRQZW9wbGVfMzI1MzI3MTA=,Mohammed Aljamhor Founder COMVERSE
https://app.seamless-expo.com/event/seamless-saudi-arabia-2024/person/RXZlbnRQZW9wbGVfMzI1MzI3MDc=,Ahmed Elmotaz Founder & COO Aliph Pay
https://app.seamless-expo.com/event/seamless-saudi-arabia-2024/person/RXZlbnRQZW9wbGVfMzI1MzI3MDY=,Hamza Jalal Founder & CEO Shop and Retail Online - SARO
https://app.seamless-expo.com/event/seamless-saudi-arabia-2024/person/RXZlbnRQZW9wbGVfMzI1MzI3MDQ=,Wasiq Waheed Founder Etaps
https://app.seamless-expo.com/event/seamless-saudi-arabia-2024/person/RXZlbnRQZW9wbGVfMzI1MzI2NjU=,Ahmad Alturki Founder Karam AI
https://app.seamless-expo.com/event/seamless-saudi-arabia-2024/person/RXZlbnRQZW9wbGVfMzI1MzI2NTg=,"Aashish Pandav Founder, CEO Feddi"
https://app.seamless-expo.com/event/seamless-saudi-arabia-2024/person/RXZlbnRQZW9wbGVfMzI1MzI2NTM=,Yazeed Almahi Founder Salamatk
https://app.seamless-expo.com/event/seamless-saudi-arabia-2024/person/RXZlbnRQZW9wbGVfMzI1MzI2MzY=,Varun Nankani Founders Office Veefin Solutions
https://app.seamless-expo.com/event/seamless-saudi-arabia-2024/person/RXZlbnRQZW9wbGVfMzI1MzI2Mjk=,Youssuf Fayez CEO/Co-Founder WheeKeep
https://app.seamless-expo.com/event/seamless-saudi-arabia-2024/person/RXZlbnRQZW9wbGVfMzI1MzI2Mjc=,Firas Abdulwahed Founder Sanoflow
https://app.seamless-expo.com/event/seamless-saudi-arabia-2024/person/RXZlbnRQZW9wbGVfMzI1MzI2MjQ=,Hatim Lokhandwala Co-Founder & CEO Klickr Technologies Co LLC
https://app.seamless-expo.com/event/seamless-saudi-arabia-2024/person/RXZlbnRQZW9wbGVfMzI1MzI2MTk=,Abdulaziz Almousa Founder Bostan
https://app.seamless-expo.com/event/seamless-saudi-arabia-2024/person/RXZlbnRQZW9wbGVfMzI1MzI2MDg=,Osama Abdelhadi Co-Founder & CEO Mawsool International
https://app.seamless-expo.com/event/seamless-saudi-arabia-2024/person/RXZlbnRQZW9wbGVfMzI1MzI1OTY=,Adeel Mankee Co-founder & CEO Data Pilot Pvt. Ltd
https://app.seamless-expo.com/event/seamless-saudi-arabia-2024/person/RXZlbnRQZW9wbGVfMzI1MzI1ODk=,Noura Alkahtani Cofounder SAAF (Line) - Fintech صف للتقنية المالية
https://app.seamless-expo.com/event/seamless-saudi-arabia-2024/person/RXZlbnRQZW9wbGVfMzI1MzI1Nzg=,Saeed Alqarni Founder Waslah
https://app.seamless-expo.com/event/seamless-saudi-arabia-2024/person/RXZlbnRQZW9wbGVfMzI1MzI1NzE=,Waleed Talat Cofounder & CEO ARIB
https://app.seamless-expo.com/event/seamless-saudi-arabia-2024/person/RXZlbnRQZW9wbGVfMzI1MzU1OTI=,SG Sandeep Golechha Founder and Chief Consultant Oomero Ltd
https://app.seamless-expo.com/event/seamless-saudi-arabia-2024/person/RXZlbnRQZW9wbGVfMzQ0OTgwOTQ=,AA Ayad Ahmed Founder Automagence
https://app.seamless-expo.com/event/seamless-saudi-arabia-2024/person/RXZlbnRQZW9wbGVfMzQ0NzU4NDY=,AA Abdulellah AlNahdi CEO & Founder Limar Tech
https://app.seamless-expo.com/event/seamless-saudi-arabia-2024/person/RXZlbnRQZW9wbGVfMzMwMzQ2OTA=,MA Mohammed Alhabbas Founder Madfoaat
https://app.seamless-expo.com/event/seamless-saudi-arabia-2024/person/RXZlbnRQZW9wbGVfMzM3MDc4ODU=,SR Steve Raju Founder /Director Think Tribe
https://app.seamless-expo.com/event/seamless-saudi-arabia-2024/person/RXZlbnRQZW9wbGVfMzM2MzczMTE=,MAG Mohammed Al Ghamdi Co-Founder National Maria Co
https://app.seamless-expo.com/event/seamless-saudi-arabia-2024/person/RXZlbnRQZW9wbGVfMzI1MzMyNTY=,RG RAVI GUPTA founder Safexpay
https://app.seamless-expo.com/event/seamless-saudi-arabia-2024/person/RXZlbnRQZW9wbGVfMzQzOTY2MzQ=,BAW Bassam Al Wabel Co-founder Rimthan
https://app.seamless-expo.com/event/seamless-saudi-arabia-2024/person/RXZlbnRQZW9wbGVfMzQzOTIwNjI=,AA Abdulrahman Aleryani Co-founder Kid Keeper
https://app.seamless-expo.com/event/seamless-saudi-arabia-2024/person/RXZlbnRQZW9wbGVfMzQzODg1MzA=,IV Ishan Vyas CEO and Co-founder Citrusbug Technolabs
https://app.seamless-expo.com/event/seamless-saudi-arabia-2024/person/RXZlbnRQZW9wbGVfMzQzODczMjM=,HA Hassan Alsaggaf Co-Founder AVA (A Virtual Advantage for IT Est.)
https://app.seamless-expo.com/event/seamless-saudi-arabia-2024/person/RXZlbnRQZW9wbGVfMzQzODc0MjQ=,KA Khaled Alrasheed Founder & CEO Bevatel
https://app.seamless-expo.com/event/seamless-saudi-arabia-2024/person/RXZlbnRQZW9wbGVfMzQzODYxNjE=,BH Bianca Ho Co-Founder Wati
https://app.seamless-expo.com/event/seamless-saudi-arabia-2024/person/RXZlbnRQZW9wbGVfMzQzODY5NDI=,RR Reda Reda Founder & COO AmwalTech
https://app.seamless-expo.com/event/seamless-saudi-arabia-2024/person/RXZlbnRQZW9wbGVfMzQzODQ0Mzg=,DTB Damian ten Bohmer Founder & Managing Director World Coach Performance
https://app.seamless-expo.com/event/seamless-saudi-arabia-2024/person/RXZlbnRQZW9wbGVfMzQzODAzNDc=,OAS Omar Abu sulaiman Co-founder BAKfintech
https://app.seamless-expo.com/event/seamless-saudi-arabia-2024/person/RXZlbnRQZW9wbGVfMzQzNzg4NDU=,AH Adel Hammad Founder Grand Community
https://app.seamless-expo.com/event/seamless-saudi-arabia-2024/person/RXZlbnRQZW9wbGVfMzQzNjg4ODQ=,GA Ghamdan Al-Anesi Founder NARD POS
https://app.seamless-expo.com/event/seamless-saudi-arabia-2024/person/RXZlbnRQZW9wbGVfMzQzNjUzNzY=,AA Abdulmohsen Albabtain Founder Tamara
https://app.seamless-expo.com/event/seamless-saudi-arabia-2024/person/RXZlbnRQZW9wbGVfMzQzNjUwNTM=,PM Pankaj Mundra Co-Founder 360tf
https://app.seamless-expo.com/event/seamless-saudi-arabia-2024/person/RXZlbnRQZW9wbGVfMzQzNjU3Nzg=,SA Shatha AlGhufaili Co-Founder & CBDO WSEEL for Digital Brokerage
https://app.seamless-expo.com/event/seamless-saudi-arabia-2024/person/RXZlbnRQZW9wbGVfMzQzNjQ1NjA=,AG Adil Gasimov Founder & CEO Push30
https://app.seamless-expo.com/event/seamless-saudi-arabia-2024/person/RXZlbnRQZW9wbGVfMzQzNjEyMjE=,HMH Hassan Mostafa Hassam Mostafa Founder - CEO SMS HUB
https://app.seamless-expo.com/event/seamless-saudi-arabia-2024/person/RXZlbnRQZW9wbGVfMzQzNjE1Njk=,AS Abid Saleem Founder & CEO ABS Technologies
https://app.seamless-expo.com/event/seamless-saudi-arabia-2024/person/RXZlbnRQZW9wbGVfMzQzNTk5MzU=,JW Jessica Wong Founder and Managing partner ewpartners
https://app.seamless-expo.com/event/seamless-saudi-arabia-2024/person/RXZlbnRQZW9wbGVfMzQzNTk4NDc=,IB Ibrahim Balilah Co-founder and CEO Rize
https://app.seamless-expo.com/event/seamless-saudi-arabia-2024/person/RXZlbnRQZW9wbGVfMzQzNTg1Njg=,OV Omer Variava Co Founder TBS Group
https://app.seamless-expo.com/event/seamless-saudi-arabia-2024/person/RXZlbnRQZW9wbGVfMzQzNTU4NTM=,AA Abdullah Abalkhil Co-founder Mshrai
https://app.seamless-expo.com/event/seamless-saudi-arabia-2024/person/RXZlbnRQZW9wbGVfMzQzNDk3MjY=,MA Mohammed Aladwan Founder & CEO Buraq
https://app.seamless-expo.com/event/seamless-saudi-arabia-2024/person/RXZlbnRQZW9wbGVfMzQzNDUyMjA=,AM Akif Mohsin Co-founder & CEO TotalPay
https://app.seamless-expo.com/event/seamless-saudi-arabia-2024/person/RXZlbnRQZW9wbGVfMzQzNDQ2NjY=,MA Mutaz Altuwaijri Founder Mshrai
https://app.seamless-expo.com/event/seamless-saudi-arabia-2024/person/RXZlbnRQZW9wbGVfMzQzNDMyMTQ=,HS Haytham Sammar Founder & CEO Para Solutions Inc.
https://app.seamless-expo.com/event/seamless-saudi-arabia-2024/person/RXZlbnRQZW9wbGVfMzQzNDI2MDk=,AA Abdullah Alobaysi CEO Founder Digital Communication Company for Tourist Organization (weeein)
